protocolo,data_abertura,servico,latitude,longitude,status,criticidade,descricao,bairro
SYN010000,2025-11-15 23:42:28,Iluminação Pública,-22.974229,-43.180239,Aberto,Alta,Reclamação sintética em Copacabana Central - Iluminação Pública,Copacabana Central
SYN010001,2025-11-30 23:42:28,Iluminação Pública,-22.96945,-43.181709,Aberto,Alta,Reclamação sintética em Copacabana Central - Iluminação Pública,Copacabana Central
SYN010002,2025-12-12 23:42:28,Conservação de Vias,-22.967072,-43.181926,Aberto,Média,Reclamação sintética em Copacabana Central - Conservação de Vias,Copacabana Central
SYN010003,2025-11-15 23:42:28,Segurança Pública,-22.973694,-43.180058,Aberto,Alta,Reclamação sintética em Copacabana Central - Segurança Pública,Copacabana Central
SYN010004,2025-11-20 23:42:28,Trânsito e Transporte,-22.973365,-43.178108,Aberto,Média,Reclamação sintética em Copacabana Central - Trânsito e Transporte,Copacabana Central
SYN010005,2025-11-30 23:42:28,Conservação de Vias,-22.975604,-43.181391,Aberto,Média,Reclamação sintética em Copacabana Central - Conservação de Vias,Copacabana Central
SYN010006,2025-12-12 23:42:28,Segurança Pública,-22.972122,-43.18453,Aberto,Média,Reclamação sintética em Copacabana Central - Segurança Pública,Copacabana Central
SYN010007,2025-12-11 23:42:28,Conservação de Vias,-22.968473,-43.184996,Aberto,Média,Reclamação sintética em Copacabana Central - Conservação de Vias,Copacabana Central
SYN010008,2025-12-14 23:42:28,Segurança Pública,-22.969355,-43.176887,Aberto,Média,Reclamação sintética em Copacabana Central - Segurança Pública,Copacabana Central
SYN010009,2025-11-22 23:42:28,Iluminação Pública,-22.975614,-43.185013,Aberto,Média,Reclamação sintética em Copacabana Central - Iluminação Pública,Copacabana Central
SYN010010,2025-11-24 23:42:28,Conservação de Vias,-22.972952,-43.177577,Aberto,Média,Reclamação sintética em Copacabana Central - Conservação de Vias,Copacabana Central
SYN010011,2025-11-18 23:42:28,Segurança Pública,-22.967954,-43.186764,Aberto,Alta,Reclamação sintética em Copacabana Central - Segurança Pública,Copacabana Central
SYN010012,2025-11-21 23:42:28,Iluminação Pública,-22.973504,-43.180777,Aberto,Média,Reclamação sintética em Copacabana Central - Iluminação Pública,Copacabana Central
SYN010013,2025-12-07 23:42:28,Iluminação Pública,-22.966794,-43.17852,Aberto,Média,Reclamação sintética em Copacabana Central - Iluminação Pública,Copacabana Central
SYN010014,2025-12-06 23:42:28,Iluminação Pública,-22.973031,-43.18254,Aberto,Alta,Reclamação sintética em Copacabana Central - Iluminação Pública,Copacabana Central
SYN010015,2025-11-26 23:42:28,Trânsito e Transporte,-22.96717,-43.185641,Aberto,Média,Reclamação sintética em Copacabana Central - Trânsito e Transporte,Copacabana Central
SYN010016,2025-11-27 23:42:28,Iluminação Pública,-22.974383,-43.181165,Aberto,Alta,Reclamação sintética em Copacabana Central - Iluminação Pública,Copacabana Central
SYN010017,2025-11-21 23:42:28,Conservação de Vias,-22.970191,-43.17741,Aberto,Alta,Reclamação sintética em Copacabana Central - Conservação de Vias,Copacabana Central
SYN010018,2025-12-06 23:42:28,Conservação de Vias,-22.968669,-43.185559,Aberto,Média,Reclamação sintética em Copacabana Central - Conservação de Vias,Copacabana Central
SYN010019,2025-11-16 23:42:28,Segurança Pública,-22.972898,-43.180736,Aberto,Alta,Reclamação sintética em Copacabana Central - Segurança Pública,Copacabana Central
SYN010020,2025-12-10 23:42:28,Iluminação Pública,-22.972303,-43.181373,Aberto,Média,Reclamação sintética em Copacabana Central - Iluminação Pública,Copacabana Central
SYN010021,2025-12-07 23:42:28,Segurança Pública,-22.973061,-43.178317,Aberto,Média,Reclamação sintética em Copacabana Central - Segurança Pública,Copacabana Central
SYN010022,2025-12-14 23:42:28,Segurança Pública,-22.970839,-43.177459,Aberto,Média,Reclamação sintética em Copacabana Central - Segurança Pública,Copacabana Central
SYN010023,2025-11-29 23:42:28,Iluminação Pública,-22.970302,-43.18108,Aberto,Alta,Reclamação sintética em Copacabana Central - Iluminação Pública,Copacabana Central
SYN010024,2025-12-11 23:42:28,Segurança Pública,-22.973444,-43.180693,Aberto,Alta,Reclamação sintética em Copacabana Central - Segurança Pública,Copacabana Central
SYN010025,2025-11-20 23:42:28,Iluminação Pública,-22.976897,-43.179661,Aberto,Média,Reclamação sintética em Copacabana Central - Iluminação Pública,Copacabana Central
SYN010026,2025-12-05 23:42:28,Segurança Pública,-22.967707,-43.184357,Aberto,Alta,Reclamação sintética em Copacabana Central - Segurança Pública,Copacabana Central
SYN010027,2025-11-22 23:42:28,Segurança Pública,-22.969905,-43.180402,Aberto,Média,Reclamação sintética em Copacabana Central - Segurança Pública,Copacabana Central
SYN010028,2025-11-15 23:42:28,Iluminação Pública,-22.972884,-43.186873,Aberto,Média,Reclamação sintética em Copacabana Central - Iluminação Pública,Copacabana Central
SYN010029,2025-11-23 23:42:28,Iluminação Pública,-22.974935,-43.184455,Aberto,Média,Reclamação sintética em Copacabana Central - Iluminação Pública,Copacabana Central
SYN010030,2025-12-09 23:42:28,Segurança Pública,-22.96813,-43.183597,Aberto,Alta,Reclamação sintética em Copacabana Central - Segurança Pública,Copacabana Central
SYN010031,2025-12-04 23:42:28,Trânsito e Transporte,-22.971994,-43.181216,Aberto,Média,Reclamação sintética em Copacabana Central - Trânsito e Transporte,Copacabana Central
SYN010032,2025-11-28 23:42:28,Iluminação Pública,-22.972088,-43.180682,Aberto,Alta,Reclamação sintética em Copacabana Central - Iluminação Pública,Copacabana Central
SYN010033,2025-11-17 23:42:28,Conservação de Vias,-22.967677,-43.18496,Aberto,Alta,Reclamação sintética em Copacabana Central - Conservação de Vias,Copacabana Central
SYN010034,2025-12-08 23:42:28,Segurança Pública,-22.963581,-43.182883,Aberto,Média,Reclamação sintética em Copacabana Central - Segurança Pública,Copacabana Central
SYN010035,2025-11-22 23:42:28,Conservação de Vias,-22.970262,-43.18016,Aberto,Alta,Reclamação sintética em Copacabana Central - Conservação de Vias,Copacabana Central
SYN010036,2025-11-16 23:42:28,Segurança Pública,-22.969642,-43.180629,Aberto,Média,Reclamação sintética em Copacabana Central - Segurança Pública,Copacabana Central
SYN010037,2025-12-13 23:42:28,Segurança Pública,-22.973471,-43.185046,Aberto,Alta,Reclamação sintética em Copacabana Central - Segurança Pública,Copacabana Central
SYN010038,2025-11-26 23:42:28,Conservação de Vias,-22.970031,-43.187591,Aberto,Alta,Reclamação sintética em Copacabana Central - Conservação de Vias,Copacabana Central
SYN010039,2025-11-27 23:42:28,Iluminação Pública,-22.969203,-43.181077,Aberto,Alta,Reclamação sintética em Copacabana Central - Iluminação Pública,Copacabana Central
SYN010040,2025-11-25 23:42:28,Conservação de Vias,-22.965796,-43.183781,Aberto,Alta,Reclamação sintética em Copacabana Central - Conservação de Vias,Copacabana Central
SYN010041,2025-11-22 23:42:28,Conservação de Vias,-22.969587,-43.185231,Aberto,Média,Reclamação sintética em Copacabana Central - Conservação de Vias,Copacabana Central
SYN010042,2025-12-14 23:42:28,Conservação de Vias,-22.971064,-43.180231,Aberto,Média,Reclamação sintética em Copacabana Central - Conservação de Vias,Copacabana Central
SYN010043,2025-11-26 23:42:28,Trânsito e Transporte,-22.97204,-43.177774,Aberto,Média,Reclamação sintética em Copacabana Central - Trânsito e Transporte,Copacabana Central
SYN010044,2025-11-21 23:42:28,Segurança Pública,-22.973857,-43.189145,Aberto,Alta,Reclamação sintética em Copacabana Central - Segurança Pública,Copacabana Central
SYN010045,2025-11-28 23:42:28,Iluminação Pública,-22.969702,-43.179987,Aberto,Média,Reclamação sintética em Copacabana Central - Iluminação Pública,Copacabana Central
SYN010046,2025-12-07 23:42:28,Segurança Pública,-22.966765,-43.179835,Aberto,Média,Reclamação sintética em Copacabana Central - Segurança Pública,Copacabana Central
SYN010047,2025-11-27 23:42:28,Segurança Pública,-22.971006,-43.181957,Aberto,Média,Reclamação sintética em Copacabana Central - Segurança Pública,Copacabana Central
SYN010048,2025-11-30 23:42:28,Segurança Pública,-22.968291,-43.184799,Aberto,Alta,Reclamação sintética em Copacabana Central - Segurança Pública,Copacabana Central
SYN010049,2025-12-03 23:42:28,Trânsito e Transporte,-22.974723,-43.186051,Aberto,Alta,Reclamação sintética em Copacabana Central - Trânsito e Transporte,Copacabana Central
SYN010050,2025-11-21 23:42:28,Conservação de Vias,-22.90944,-43.179037,Aberto,Alta,Reclamação sintética em Centro - Saara - Conservação de Vias,Centro - Saara
SYN010051,2025-12-02 23:42:28,Segurança Pública,-22.903096,-43.176754,Aberto,Média,Reclamação sintética em Centro - Saara - Segurança Pública,Centro - Saara
SYN010052,2025-11-22 23:42:28,Iluminação Pública,-22.899371,-43.184334,Aberto,Alta,Reclamação sintética em Centro - Saara - Iluminação Pública,Centro - Saara
SYN010053,2025-11-25 23:42:28,Iluminação Pública,-22.899882,-43.18132,Aberto,Média,Reclamação sintética em Centro - Saara - Iluminação Pública,Centro - Saara
SYN010054,2025-12-06 23:42:28,Iluminação Pública,-22.900618,-43.17865,Aberto,Alta,Reclamação sintética em Centro - Saara - Iluminação Pública,Centro - Saara
SYN010055,2025-12-08 23:42:28,Segurança Pública,-22.910787,-43.175069,Aberto,Média,Reclamação sintética em Centro - Saara - Segurança Pública,Centro - Saara
SYN010056,2025-11-20 23:42:28,Segurança Pública,-22.901606,-43.178507,Aberto,Média,Reclamação sintética em Centro - Saara - Segurança Pública,Centro - Saara
SYN010057,2025-11-18 23:42:28,Iluminação Pública,-22.900398,-43.181128,Aberto,Média,Reclamação sintética em Centro - Saara - Iluminação Pública,Centro - Saara
SYN010058,2025-11-21 23:42:28,Iluminação Pública,-22.898213,-43.189178,Aberto,Média,Reclamação sintética em Centro - Saara - Iluminação Pública,Centro - Saara
SYN010059,2025-11-26 23:42:28,Segurança Pública,-22.900807,-43.177347,Aberto,Média,Reclamação sintética em Centro - Saara - Segurança Pública,Centro - Saara
SYN010060,2025-12-08 23:42:28,Segurança Pública,-22.901393,-43.176357,Aberto,Média,Reclamação sintética em Centro - Saara - Segurança Pública,Centro - Saara
SYN010061,2025-11-19 23:42:28,Trânsito e Transporte,-22.903923,-43.179149,Aberto,Alta,Reclamação sintética em Centro - Saara - Trânsito e Transporte,Centro - Saara
SYN010062,2025-11-16 23:42:28,Conservação de Vias,-22.900036,-43.179505,Aberto,Alta,Reclamação sintética em Centro - Saara - Conservação de Vias,Centro - Saara
SYN010063,2025-11-23 23:42:28,Iluminação Pública,-22.901959,-43.180343,Aberto,Alta,Reclamação sintética em Centro - Saara - Iluminação Pública,Centro - Saara
SYN010064,2025-11-17 23:42:28,Conservação de Vias,-22.903505,-43.182432,Aberto,Alta,Reclamação sintética em Centro - Saara - Conservação de Vias,Centro - Saara
SYN010065,2025-11-27 23:42:28,Trânsito e Transporte,-22.908646,-43.183456,Aberto,Alta,Reclamação sintética em Centro - Saara - Trânsito e Transporte,Centro - Saara
SYN010066,2025-12-12 23:42:28,Segurança Pública,-22.907017,-43.177055,Aberto,Alta,Reclamação sintética em Centro - Saara - Segurança Pública,Centro - Saara
SYN010067,2025-12-06 23:42:28,Segurança Pública,-22.90179,-43.184543,Aberto,Alta,Reclamação sintética em Centro - Saara - Segurança Pública,Centro - Saara
SYN010068,2025-12-10 23:42:28,Conservação de Vias,-22.90634,-43.183911,Aberto,Alta,Reclamação sintética em Centro - Saara - Conservação de Vias,Centro - Saara
SYN010069,2025-12-02 23:42:28,Trânsito e Transporte,-22.898917,-43.179367,Aberto,Alta,Reclamação sintética em Centro - Saara - Trânsito e Transporte,Centro - Saara
SYN010070,2025-11-27 23:42:28,Iluminação Pública,-22.906127,-43.181094,Aberto,Média,Reclamação sintética em Centro - Saara - Iluminação Pública,Centro - Saara
SYN010071,2025-12-04 23:42:28,Trânsito e Transporte,-22.903432,-43.181223,Aberto,Média,Reclamação sintética em Centro - Saara - Trânsito e Transporte,Centro - Saara
SYN010072,2025-11-24 23:42:28,Segurança Pública,-22.898151,-43.178345,Aberto,Alta,Reclamação sintética em Centro - Saara - Segurança Pública,Centro - Saara
SYN010073,2025-12-06 23:42:28,Conservação de Vias,-22.905631,-43.178614,Aberto,Alta,Reclamação sintética em Centro - Saara - Conservação de Vias,Centro - Saara
SYN010074,2025-11-30 23:42:28,Trânsito e Transporte,-22.898891,-43.187247,Aberto,Alta,Reclamação sintética em Centro - Saara - Trânsito e Transporte,Centro - Saara
SYN010075,2025-11-28 23:42:28,Iluminação Pública,-22.904244,-43.182792,Aberto,Alta,Reclamação sintética em Centro - Saara - Iluminação Pública,Centro - Saara
SYN010076,2025-11-30 23:42:28,Conservação de Vias,-22.902669,-43.176603,Aberto,Alta,Reclamação sintética em Centro - Saara - Conservação de Vias,Centro - Saara
SYN010077,2025-11-16 23:42:28,Conservação de Vias,-22.905181,-43.182236,Aberto,Alta,Reclamação sintética em Centro - Saara - Conservação de Vias,Centro - Saara
SYN010078,2025-11-17 23:42:28,Trânsito e Transporte,-22.902684,-43.180457,Aberto,Alta,Reclamação sintética em Centro - Saara - Trânsito e Transporte,Centro - Saara
SYN010079,2025-11-27 23:42:28,Segurança Pública,-22.901588,-43.18259,Aberto,Média,Reclamação sintética em Centro - Saara - Segurança Pública,Centro - Saara
SYN010080,2025-12-09 23:42:28,Segurança Pública,-22.900611,-43.183768,Aberto,Alta,Reclamação sintética em Centro - Saara - Segurança Pública,Centro - Saara
SYN010081,2025-11-27 23:42:28,Iluminação Pública,-22.903086,-43.174741,Aberto,Média,Reclamação sintética em Centro - Saara - Iluminação Pública,Centro - Saara
SYN010082,2025-11-26 23:42:28,Segurança Pública,-22.904138,-43.178309,Aberto,Alta,Reclamação sintética em Centro - Saara - Segurança Pública,Centro - Saara
SYN010083,2025-12-04 23:42:28,Segurança Pública,-22.907149,-43.178319,Aberto,Média,Reclamação sintética em Centro - Saara - Segurança Pública,Centro - Saara
SYN010084,2025-11-21 23:42:28,Segurança Pública,-22.901813,-43.180109,Aberto,Alta,Reclamação sintética em Centro - Saara - Segurança Pública,Centro - Saara
SYN010085,2025-12-07 23:42:28,Segurança Pública,-22.902414,-43.181216,Aberto,Média,Reclamação sintética em Centro - Saara - Segurança Pública,Centro - Saara
SYN010086,2025-11-17 23:42:28,Conservação de Vias,-22.903353,-43.18107,Aberto,Alta,Reclamação sintética em Centro - Saara - Conservação de Vias,Centro - Saara
SYN010087,2025-12-04 23:42:28,Conservação de Vias,-22.902864,-43.181331,Aberto,Alta,Reclamação sintética em Centro - Saara - Conservação de Vias,Centro - Saara
SYN010088,2025-11-15 23:42:28,Conservação de Vias,-22.9044,-43.185059,Aberto,Alta,Reclamação sintética em Centro - Saara - Conservação de Vias,Centro - Saara
SYN010089,2025-11-19 23:42:28,Segurança Pública,-22.90296,-43.182125,Aberto,Média,Reclamação sintética em Centro - Saara - Segurança Pública,Centro - Saara
SYN010090,2025-12-06 23:42:28,Iluminação Pública,-22.902738,-43.183415,Aberto,Média,Reclamação sintética em Centro - Saara - Iluminação Pública,Centro - Saara
SYN010091,2025-12-14 23:42:28,Conservação de Vias,-22.906883,-43.178604,Aberto,Alta,Reclamação sintética em Centro - Saara - Conservação de Vias,Centro - Saara
SYN010092,2025-11-18 23:42:28,Segurança Pública,-22.899655,-43.180848,Aberto,Alta,Reclamação sintética em Centro - Saara - Segurança Pública,Centro - Saara
SYN010093,2025-11-17 23:42:28,Iluminação Pública,-22.89986,-43.177749,Aberto,Média,Reclamação sintética em Centro - Saara - Iluminação Pública,Centro - Saara
SYN010094,2025-11-23 23:42:28,Segurança Pública,-22.903822,-43.18296,Aberto,Alta,Reclamação sintética em Centro - Saara - Segurança Pública,Centro - Saara
SYN010095,2025-11-23 23:42:28,Conservação de Vias,-23.01536,-43.360019,Aberto,Alta,Reclamação sintética em Barra da Tijuca - Shopping - Conservação de Vias,Barra da Tijuca - Shopping
SYN010096,2025-11-18 23:42:28,Conservação de Vias,-23.017184,-43.360887,Aberto,Média,Reclamação sintética em Barra da Tijuca - Shopping - Conservação de Vias,Barra da Tijuca - Shopping
SYN010097,2025-11-27 23:42:28,Segurança Pública,-23.016465,-43.357613,Aberto,Média,Reclamação sintética em Barra da Tijuca - Shopping - Segurança Pública,Barra da Tijuca - Shopping
SYN010098,2025-11-17 23:42:28,Iluminação Pública,-23.01883,-43.360746,Aberto,Média,Reclamação sintética em Barra da Tijuca - Shopping - Iluminação Pública,Barra da Tijuca - Shopping
SYN010099,2025-12-05 23:42:28,Segurança Pública,-23.014135,-43.363632,Aberto,Alta,Reclamação sintética em Barra da Tijuca - Shopping - Segurança Pública,Barra da Tijuca - Shopping
SYN010100,2025-11-26 23:42:28,Iluminação Pública,-23.017083,-43.354719,Aberto,Média,Reclamação sintética em Barra da Tijuca - Shopping - Iluminação Pública,Barra da Tijuca - Shopping
SYN010101,2025-11-21 23:42:28,Conservação de Vias,-23.019995,-43.359362,Aberto,Alta,Reclamação sintética em Barra da Tijuca - Shopping - Conservação de Vias,Barra da Tijuca - Shopping
SYN010102,2025-11-22 23:42:28,Segurança Pública,-23.017524,-43.360878,Aberto,Alta,Reclamação sintética em Barra da Tijuca - Shopping - Segurança Pública,Barra da Tijuca - Shopping
SYN010103,2025-12-05 23:42:28,Iluminação Pública,-23.01601,-43.359954,Aberto,Alta,Reclamação sintética em Barra da Tijuca - Shopping - Iluminação Pública,Barra da Tijuca - Shopping
SYN010104,2025-11-16 23:42:28,Iluminação Pública,-23.018583,-43.358112,Aberto,Média,Reclamação sintética em Barra da Tijuca - Shopping - Iluminação Pública,Barra da Tijuca - Shopping
SYN010105,2025-12-13 23:42:28,Iluminação Pública,-23.015373,-43.362681,Aberto,Alta,Reclamação sintética em Barra da Tijuca - Shopping - Iluminação Pública,Barra da Tijuca - Shopping
SYN010106,2025-12-08 23:42:28,Iluminação Pública,-23.013686,-43.363069,Aberto,Média,Reclamação sintética em Barra da Tijuca - Shopping - Iluminação Pública,Barra da Tijuca - Shopping
SYN010107,2025-12-04 23:42:28,Iluminação Pública,-23.017107,-43.361332,Aberto,Média,Reclamação sintética em Barra da Tijuca - Shopping - Iluminação Pública,Barra da Tijuca - Shopping
SYN010108,2025-12-10 23:42:28,Conservação de Vias,-23.016455,-43.357535,Aberto,Alta,Reclamação sintética em Barra da Tijuca - Shopping - Conservação de Vias,Barra da Tijuca - Shopping
SYN010109,2025-12-01 23:42:28,Segurança Pública,-23.016681,-43.360425,Aberto,Média,Reclamação sintética em Barra da Tijuca - Shopping - Segurança Pública,Barra da Tijuca - Shopping
SYN010110,2025-12-13 23:42:28,Segurança Pública,-23.015059,-43.360695,Aberto,Média,Reclamação sintética em Barra da Tijuca - Shopping - Segurança Pública,Barra da Tijuca - Shopping
SYN010111,2025-12-09 23:42:28,Conservação de Vias,-23.016744,-43.357843,Aberto,Alta,Reclamação sintética em Barra da Tijuca - Shopping - Conservação de Vias,Barra da Tijuca - Shopping
SYN010112,2025-12-04 23:42:28,Conservação de Vias,-23.018313,-43.356211,Aberto,Média,Reclamação sintética em Barra da Tijuca - Shopping - Conservação de Vias,Barra da Tijuca - Shopping
SYN010113,2025-11-18 23:42:28,Conservação de Vias,-23.018555,-43.357514,Aberto,Alta,Reclamação sintética em Barra da Tijuca - Shopping - Conservação de Vias,Barra da Tijuca - Shopping
SYN010114,2025-11-26 23:42:28,Conservação de Vias,-23.01448,-43.356675,Aberto,Média,Reclamação sintética em Barra da Tijuca - Shopping - Conservação de Vias,Barra da Tijuca - Shopping
SYN010115,2025-12-05 23:42:28,Segurança Pública,-23.019958,-43.3578,Aberto,Alta,Reclamação sintética em Barra da Tijuca - Shopping - Segurança Pública,Barra da Tijuca - Shopping
SYN010116,2025-12-12 23:42:28,Segurança Pública,-23.017185,-43.360852,Aberto,Alta,Reclamação sintética em Barra da Tijuca - Shopping - Segurança Pública,Barra da Tijuca - Shopping
SYN010117,2025-11-21 23:42:28,Trânsito e Transporte,-23.018794,-43.362342,Aberto,Alta,Reclamação sintética em Barra da Tijuca - Shopping - Trânsito e Transporte,Barra da Tijuca - Shopping
SYN010118,2025-11-30 23:42:28,Iluminação Pública,-23.01488,-43.36343,Aberto,Alta,Reclamação sintética em Barra da Tijuca - Shopping - Iluminação Pública,Barra da Tijuca - Shopping
SYN010119,2025-11-15 23:42:28,Conservação de Vias,-23.015004,-43.357334,Aberto,Alta,Reclamação sintética em Barra da Tijuca - Shopping - Conservação de Vias,Barra da Tijuca - Shopping
SYN010120,2025-12-03 23:42:28,Iluminação Pública,-23.016403,-43.360324,Aberto,Alta,Reclamação sintética em Barra da Tijuca - Shopping - Iluminação Pública,Barra da Tijuca - Shopping
SYN010121,2025-11-27 23:42:28,Conservação de Vias,-23.019951,-43.360502,Aberto,Média,Reclamação sintética em Barra da Tijuca - Shopping - Conservação de Vias,Barra da Tijuca - Shopping
SYN010122,2025-12-12 23:42:28,Segurança Pública,-23.017016,-43.361343,Aberto,Alta,Reclamação sintética em Barra da Tijuca - Shopping - Segurança Pública,Barra da Tijuca - Shopping
SYN010123,2025-11-24 23:42:28,Conservação de Vias,-23.013486,-43.363634,Aberto,Média,Reclamação sintética em Barra da Tijuca - Shopping - Conservação de Vias,Barra da Tijuca - Shopping
SYN010124,2025-12-07 23:42:28,Conservação de Vias,-23.01261,-43.36737,Aberto,Alta,Reclamação sintética em Barra da Tijuca - Shopping - Conservação de Vias,Barra da Tijuca - Shopping
SYN010125,2025-12-06 23:42:28,Trânsito e Transporte,-23.015675,-43.360805,Aberto,Média,Reclamação sintética em Barra da Tijuca - Shopping - Trânsito e Transporte,Barra da Tijuca - Shopping
SYN010126,2025-12-08 23:42:28,Segurança Pública,-23.011413,-43.355662,Aberto,Alta,Reclamação sintética em Barra da Tijuca - Shopping - Segurança Pública,Barra da Tijuca - Shopping
SYN010127,2025-12-03 23:42:28,Segurança Pública,-23.010528,-43.358055,Aberto,Média,Reclamação sintética em Barra da Tijuca - Shopping - Segurança Pública,Barra da Tijuca - Shopping
SYN010128,2025-11-30 23:42:28,Iluminação Pública,-23.016517,-43.360593,Aberto,Alta,Reclamação sintética em Barra da Tijuca - Shopping - Iluminação Pública,Barra da Tijuca - Shopping
SYN010129,2025-11-29 23:42:28,Conservação de Vias,-23.016333,-43.360773,Aberto,Alta,Reclamação sintética em Barra da Tijuca - Shopping - Conservação de Vias,Barra da Tijuca - Shopping
SYN010130,2025-12-13 23:42:28,Iluminação Pública,-23.010554,-43.366016,Aberto,Média,Reclamação sintética em Barra da Tijuca - Shopping - Iluminação Pública,Barra da Tijuca - Shopping
SYN010131,2025-12-08 23:42:28,Segurança Pública,-23.012271,-43.367102,Aberto,Alta,Reclamação sintética em Barra da Tijuca - Shopping - Segurança Pública,Barra da Tijuca - Shopping
SYN010132,2025-11-20 23:42:28,Segurança Pública,-23.017276,-43.357064,Aberto,Alta,Reclamação sintética em Barra da Tijuca - Shopping - Segurança Pública,Barra da Tijuca - Shopping
SYN010133,2025-12-04 23:42:28,Segurança Pública,-23.014442,-43.355202,Aberto,Média,Reclamação sintética em Barra da Tijuca - Shopping - Segurança Pública,Barra da Tijuca - Shopping
SYN010134,2025-11-30 23:42:28,Iluminação Pública,-23.014681,-43.360428,Aberto,Média,Reclamação sintética em Barra da Tijuca - Shopping - Iluminação Pública,Barra da Tijuca - Shopping
SYN010135,2025-11-29 23:42:28,Conservação de Vias,-22.939443,-43.195298,Aberto,Média,Reclamação sintética em Botafogo - Praia - Conservação de Vias,Botafogo - Praia
SYN010136,2025-11-15 23:42:28,Segurança Pública,-22.945607,-43.192318,Aberto,Média,Reclamação sintética em Botafogo - Praia - Segurança Pública,Botafogo - Praia
SYN010137,2025-11-30 23:42:28,Segurança Pública,-22.946063,-43.189712,Aberto,Alta,Reclamação sintética em Botafogo - Praia - Segurança Pública,Botafogo - Praia
SYN010138,2025-11-15 23:42:28,Segurança Pública,-22.94823,-43.193474,Aberto,Alta,Reclamação sintética em Botafogo - Praia - Segurança Pública,Botafogo - Praia
SYN010139,2025-11-23 23:42:28,Iluminação Pública,-22.946642,-43.195291,Aberto,Alta,Reclamação sintética em Botafogo - Praia - Iluminação Pública,Botafogo - Praia
SYN010140,2025-12-13 23:42:28,Segurança Pública,-22.944584,-43.194298,Aberto,Alta,Reclamação sintética em Botafogo - Praia - Segurança Pública,Botafogo - Praia
SYN010141,2025-11-19 23:42:28,Iluminação Pública,-22.945135,-43.197402,Aberto,Alta,Reclamação sintética em Botafogo - Praia - Iluminação Pública,Botafogo - Praia
SYN010142,2025-11-22 23:42:28,Iluminação Pública,-22.945764,-43.19789,Aberto,Média,Reclamação sintética em Botafogo - Praia - Iluminação Pública,Botafogo - Praia
SYN010143,2025-12-04 23:42:28,Iluminação Pública,-22.941853,-43.190377,Aberto,Alta,Reclamação sintética em Botafogo - Praia - Iluminação Pública,Botafogo - Praia
SYN010144,2025-11-28 23:42:28,Iluminação Pública,-22.942904,-43.191353,Aberto,Média,Reclamação sintética em Botafogo - Praia - Iluminação Pública,Botafogo - Praia
SYN010145,2025-12-11 23:42:28,Conservação de Vias,-22.949315,-43.194814,Aberto,Alta,Reclamação sintética em Botafogo - Praia - Conservação de Vias,Botafogo - Praia
SYN010146,2025-11-18 23:42:28,Segurança Pública,-22.944337,-43.193346,Aberto,Média,Reclamação sintética em Botafogo - Praia - Segurança Pública,Botafogo - Praia
SYN010147,2025-11-22 23:42:28,Conservação de Vias,-22.94347,-43.192803,Aberto,Alta,Reclamação sintética em Botafogo - Praia - Conservação de Vias,Botafogo - Praia
SYN010148,2025-11-19 23:42:28,Iluminação Pública,-22.942587,-43.196917,Aberto,Alta,Reclamação sintética em Botafogo - Praia - Iluminação Pública,Botafogo - Praia
SYN010149,2025-12-07 23:42:28,Segurança Pública,-22.940736,-43.195104,Aberto,Alta,Reclamação sintética em Botafogo - Praia - Segurança Pública,Botafogo - Praia
SYN010150,2025-12-03 23:42:28,Iluminação Pública,-22.948151,-43.191534,Aberto,Média,Reclamação sintética em Botafogo - Praia - Iluminação Pública,Botafogo - Praia
SYN010151,2025-11-21 23:42:28,Segurança Pública,-22.947146,-43.194497,Aberto,Média,Reclamação sintética em Botafogo - Praia - Segurança Pública,Botafogo - Praia
SYN010152,2025-12-10 23:42:28,Segurança Pública,-22.94317,-43.193099,Aberto,Média,Reclamação sintética em Botafogo - Praia - Segurança Pública,Botafogo - Praia
SYN010153,2025-12-09 23:42:28,Conservação de Vias,-22.944985,-43.201392,Aberto,Média,Reclamação sintética em Botafogo - Praia - Conservação de Vias,Botafogo - Praia
SYN010154,2025-11-26 23:42:28,Trânsito e Transporte,-22.947349,-43.1993,Aberto,Média,Reclamação sintética em Botafogo - Praia - Trânsito e Transporte,Botafogo - Praia
SYN010155,2025-12-10 23:42:28,Segurança Pública,-22.946842,-43.192807,Aberto,Alta,Reclamação sintética em Botafogo - Praia - Segurança Pública,Botafogo - Praia
SYN010156,2025-11-25 23:42:28,Conservação de Vias,-22.942091,-43.195988,Aberto,Média,Reclamação sintética em Botafogo - Praia - Conservação de Vias,Botafogo - Praia
SYN010157,2025-12-10 23:42:28,Trânsito e Transporte,-22.952147,-43.192266,Aberto,Alta,Reclamação sintética em Botafogo - Praia - Trânsito e Transporte,Botafogo - Praia
SYN010158,2025-11-20 23:42:28,Iluminação Pública,-22.941726,-43.19417,Aberto,Alta,Reclamação sintética em Botafogo - Praia - Iluminação Pública,Botafogo - Praia
SYN010159,2025-11-15 23:42:28,Iluminação Pública,-22.944831,-43.194527,Aberto,Média,Reclamação sintética em Botafogo - Praia - Iluminação Pública,Botafogo - Praia
SYN010160,2025-11-16 23:42:28,Conservação de Vias,-22.946309,-43.200329,Aberto,Média,Reclamação sintética em Botafogo - Praia - Conservação de Vias,Botafogo - Praia
SYN010161,2025-12-04 23:42:28,Iluminação Pública,-22.944001,-43.192616,Aberto,Alta,Reclamação sintética em Botafogo - Praia - Iluminação Pública,Botafogo - Praia
SYN010162,2025-11-28 23:42:28,Segurança Pública,-22.948376,-43.194927,Aberto,Alta,Reclamação sintética em Botafogo - Praia - Segurança Pública,Botafogo - Praia
SYN010163,2025-11-16 23:42:28,Conservação de Vias,-22.946909,-43.196381,Aberto,Alta,Reclamação sintética em Botafogo - Praia - Conservação de Vias,Botafogo - Praia
SYN010164,2025-11-27 23:42:28,Conservação de Vias,-22.945576,-43.198011,Aberto,Alta,Reclamação sintética em Botafogo - Praia - Conservação de Vias,Botafogo - Praia
SYN010165,2025-11-24 23:42:28,Iluminação Pública,-22.938971,-43.193607,Aberto,Média,Reclamação sintética em Botafogo - Praia - Iluminação Pública,Botafogo - Praia
SYN010166,2025-11-28 23:42:28,Iluminação Pública,-22.946808,-43.20046,Aberto,Média,Reclamação sintética em Botafogo - Praia - Iluminação Pública,Botafogo - Praia
SYN010167,2025-12-10 23:42:28,Segurança Pública,-22.948738,-43.199069,Aberto,Alta,Reclamação sintética em Botafogo - Praia - Segurança Pública,Botafogo - Praia
SYN010168,2025-11-30 23:42:28,Iluminação Pública,-22.948543,-43.196469,Aberto,Alta,Reclamação sintética em Botafogo - Praia - Iluminação Pública,Botafogo - Praia
SYN010169,2025-12-11 23:42:28,Conservação de Vias,-22.94289,-43.195492,Aberto,Alta,Reclamação sintética em Botafogo - Praia - Conservação de Vias,Botafogo - Praia
SYN010170,2025-12-05 23:42:28,Iluminação Pública,-22.979899,-43.194269,Aberto,Alta,Reclamação sintética em Ipanema - Arpoador - Iluminação Pública,Ipanema - Arpoador
SYN010171,2025-12-10 23:42:28,Conservação de Vias,-22.981947,-43.193734,Aberto,Média,Reclamação sintética em Ipanema - Arpoador - Conservação de Vias,Ipanema - Arpoador
SYN010172,2025-12-04 23:42:28,Segurança Pública,-22.984877,-43.194341,Aberto,Média,Reclamação sintética em Ipanema - Arpoador - Segurança Pública,Ipanema - Arpoador
SYN010173,2025-12-03 23:42:28,Segurança Pública,-22.98326,-43.193064,Aberto,Alta,Reclamação sintética em Ipanema - Arpoador - Segurança Pública,Ipanema - Arpoador
SYN010174,2025-12-01 23:42:28,Segurança Pública,-22.986927,-43.192758,Aberto,Alta,Reclamação sintética em Ipanema - Arpoador - Segurança Pública,Ipanema - Arpoador
SYN010175,2025-11-15 23:42:28,Segurança Pública,-22.982939,-43.192803,Aberto,Alta,Reclamação sintética em Ipanema - Arpoador - Segurança Pública,Ipanema - Arpoador
SYN010176,2025-12-10 23:42:28,Conservação de Vias,-22.98922,-43.19573,Aberto,Alta,Reclamação sintética em Ipanema - Arpoador - Conservação de Vias,Ipanema - Arpoador
SYN010177,2025-11-27 23:42:28,Conservação de Vias,-22.98122,-43.190827,Aberto,Alta,Reclamação sintética em Ipanema - Arpoador - Conservação de Vias,Ipanema - Arpoador
SYN010178,2025-11-30 23:42:28,Iluminação Pública,-22.980082,-43.190055,Aberto,Média,Reclamação sintética em Ipanema - Arpoador - Iluminação Pública,Ipanema - Arpoador
SYN010179,2025-11-18 23:42:28,Iluminação Pública,-22.98117,-43.194896,Aberto,Alta,Reclamação sintética em Ipanema - Arpoador - Iluminação Pública,Ipanema - Arpoador
SYN010180,2025-12-08 23:42:28,Conservação de Vias,-22.990336,-43.189459,Aberto,Média,Reclamação sintética em Ipanema - Arpoador - Conservação de Vias,Ipanema - Arpoador
SYN010181,2025-12-07 23:42:28,Segurança Pública,-22.988576,-43.196763,Aberto,Alta,Reclamação sintética em Ipanema - Arpoador - Segurança Pública,Ipanema - Arpoador
SYN010182,2025-12-14 23:42:28,Segurança Pública,-22.981425,-43.19473,Aberto,Média,Reclamação sintética em Ipanema - Arpoador - Segurança Pública,Ipanema - Arpoador
SYN010183,2025-12-03 23:42:28,Trânsito e Transporte,-22.980521,-43.19603,Aberto,Média,Reclamação sintética em Ipanema - Arpoador - Trânsito e Transporte,Ipanema - Arpoador
SYN010184,2025-12-03 23:42:28,Iluminação Pública,-22.987667,-43.190851,Aberto,Alta,Reclamação sintética em Ipanema - Arpoador - Iluminação Pública,Ipanema - Arpoador
SYN010185,2025-11-24 23:42:28,Trânsito e Transporte,-22.98437,-43.188297,Aberto,Média,Reclamação sintética em Ipanema - Arpoador - Trânsito e Transporte,Ipanema - Arpoador
SYN010186,2025-11-16 23:42:28,Segurança Pública,-22.972364,-43.192448,Aberto,Alta,Reclamação sintética em Ipanema - Arpoador - Segurança Pública,Ipanema - Arpoador
SYN010187,2025-11-29 23:42:28,Iluminação Pública,-22.984557,-43.190277,Aberto,Média,Reclamação sintética em Ipanema - Arpoador - Iluminação Pública,Ipanema - Arpoador
SYN010188,2025-11-30 23:42:28,Segurança Pública,-22.982777,-43.190852,Aberto,Alta,Reclamação sintética em Ipanema - Arpoador - Segurança Pública,Ipanema - Arpoador
SYN010189,2025-11-20 23:42:28,Conservação de Vias,-22.981224,-43.194576,Aberto,Alta,Reclamação sintética em Ipanema - Arpoador - Conservação de Vias,Ipanema - Arpoador
SYN010190,2025-11-29 23:42:28,Conservação de Vias,-22.983183,-43.192887,Aberto,Alta,Reclamação sintética em Ipanema - Arpoador - Conservação de Vias,Ipanema - Arpoador
SYN010191,2025-11-21 23:42:28,Iluminação Pública,-22.977933,-43.191822,Aberto,Alta,Reclamação sintética em Ipanema - Arpoador - Iluminação Pública,Ipanema - Arpoador
SYN010192,2025-12-03 23:42:28,Iluminação Pública,-22.977372,-43.192142,Aberto,Média,Reclamação sintética em Ipanema - Arpoador - Iluminação Pública,Ipanema - Arpoador
SYN010193,2025-12-04 23:42:28,Segurança Pública,-22.985862,-43.18674,Aberto,Alta,Reclamação sintética em Ipanema - Arpoador - Segurança Pública,Ipanema - Arpoador
SYN010194,2025-12-14 23:42:28,Iluminação Pública,-22.983027,-43.191042,Aberto,Alta,Reclamação sintética em Ipanema - Arpoador - Iluminação Pública,Ipanema - Arpoador
SYN010195,2025-12-01 23:42:28,Segurança Pública,-22.984141,-43.193909,Aberto,Média,Reclamação sintética em Ipanema - Arpoador - Segurança Pública,Ipanema - Arpoador
SYN010196,2025-11-15 23:42:28,Iluminação Pública,-22.978466,-43.187358,Aberto,Alta,Reclamação sintética em Ipanema - Arpoador - Iluminação Pública,Ipanema - Arpoador
SYN010197,2025-11-28 23:42:28,Iluminação Pública,-22.979292,-43.192461,Aberto,Média,Reclamação sintética em Ipanema - Arpoador - Iluminação Pública,Ipanema - Arpoador
SYN010198,2025-12-01 23:42:28,Iluminação Pública,-22.984358,-43.187243,Aberto,Alta,Reclamação sintética em Ipanema - Arpoador - Iluminação Pública,Ipanema - Arpoador
SYN010199,2025-12-10 23:42:28,Conservação de Vias,-22.981948,-43.196007,Aberto,Média,Reclamação sintética em Ipanema - Arpoador - Conservação de Vias,Ipanema - Arpoador
SYN010200,2025-11-27 23:42:28,Segurança Pública,-22.911524,-43.230625,Aberto,Alta,Reclamação sintética em Maracanã - Estádio - Segurança Pública,Maracanã - Estádio
SYN010201,2025-12-03 23:42:28,Iluminação Pública,-22.911623,-43.233717,Aberto,Média,Reclamação sintética em Maracanã - Estádio - Iluminação Pública,Maracanã - Estádio
SYN010202,2025-11-25 23:42:28,Segurança Pública,-22.913314,-43.236853,Aberto,Alta,Reclamação sintética em Maracanã - Estádio - Segurança Pública,Maracanã - Estádio
SYN010203,2025-12-10 23:42:28,Conservação de Vias,-22.914586,-43.230748,Aberto,Média,Reclamação sintética em Maracanã - Estádio - Conservação de Vias,Maracanã - Estádio
SYN010204,2025-12-13 23:42:28,Conservação de Vias,-22.917783,-43.235167,Aberto,Média,Reclamação sintética em Maracanã - Estádio - Conservação de Vias,Maracanã - Estádio
SYN010205,2025-12-05 23:42:28,Iluminação Pública,-22.912141,-43.227656,Aberto,Alta,Reclamação sintética em Maracanã - Estádio - Iluminação Pública,Maracanã - Estádio
SYN010206,2025-11-26 23:42:28,Segurança Pública,-22.91163,-43.229204,Aberto,Média,Reclamação sintética em Maracanã - Estádio - Segurança Pública,Maracanã - Estádio
SYN010207,2025-12-11 23:42:28,Segurança Pública,-22.910218,-43.23241,Aberto,Média,Reclamação sintética em Maracanã - Estádio - Segurança Pública,Maracanã - Estádio
SYN010208,2025-11-26 23:42:28,Segurança Pública,-22.910898,-43.234587,Aberto,Alta,Reclamação sintética em Maracanã - Estádio - Segurança Pública,Maracanã - Estádio
SYN010209,2025-12-13 23:42:28,Segurança Pública,-22.913536,-43.235566,Aberto,Alta,Reclamação sintética em Maracanã - Estádio - Segurança Pública,Maracanã - Estádio
SYN010210,2025-11-22 23:42:28,Conservação de Vias,-22.91394,-43.223888,Aberto,Média,Reclamação sintética em Maracanã - Estádio - Conservação de Vias,Maracanã - Estádio
SYN010211,2025-11-30 23:42:28,Segurança Pública,-22.912255,-43.22566,Aberto,Média,Reclamação sintética em Maracanã - Estádio - Segurança Pública,Maracanã - Estádio
SYN010212,2025-11-29 23:42:28,Iluminação Pública,-22.913699,-43.235606,Aberto,Alta,Reclamação sintética em Maracanã - Estádio - Iluminação Pública,Maracanã - Estádio
SYN010213,2025-12-10 23:42:28,Iluminação Pública,-22.912196,-43.228114,Aberto,Alta,Reclamação sintética em Maracanã - Estádio - Iluminação Pública,Maracanã - Estádio
SYN010214,2025-12-03 23:42:28,Trânsito e Transporte,-22.911312,-43.228613,Aberto,Média,Reclamação sintética em Maracanã - Estádio - Trânsito e Transporte,Maracanã - Estádio
SYN010215,2025-11-16 23:42:28,Segurança Pública,-22.91915,-43.230978,Aberto,Alta,Reclamação sintética em Maracanã - Estádio - Segurança Pública,Maracanã - Estádio
SYN010216,2025-12-02 23:42:28,Segurança Pública,-22.90988,-43.23322,Aberto,Alta,Reclamação sintética em Maracanã - Estádio - Segurança Pública,Maracanã - Estádio
SYN010217,2025-12-11 23:42:28,Trânsito e Transporte,-22.908915,-43.232846,Aberto,Média,Reclamação sintética em Maracanã - Estádio - Trânsito e Transporte,Maracanã - Estádio
SYN010218,2025-11-23 23:42:28,Iluminação Pública,-22.909621,-43.232276,Aberto,Média,Reclamação sintética em Maracanã - Estádio - Iluminação Pública,Maracanã - Estádio
SYN010219,2025-12-08 23:42:28,Iluminação Pública,-22.911688,-43.23352,Aberto,Média,Reclamação sintética em Maracanã - Estádio - Iluminação Pública,Maracanã - Estádio
SYN010220,2025-11-17 23:42:28,Segurança Pública,-22.910851,-43.225725,Aberto,Alta,Reclamação sintética em Maracanã - Estádio - Segurança Pública,Maracanã - Estádio
SYN010221,2025-11-18 23:42:28,Trânsito e Transporte,-22.909142,-43.231435,Aberto,Alta,Reclamação sintética em Maracanã - Estádio - Trânsito e Transporte,Maracanã - Estádio
SYN010222,2025-12-04 23:42:28,Conservação de Vias,-22.912208,-43.231024,Aberto,Alta,Reclamação sintética em Maracanã - Estádio - Conservação de Vias,Maracanã - Estádio
SYN010223,2025-12-13 23:42:28,Segurança Pública,-22.909236,-43.229506,Aberto,Média,Reclamação sintética em Maracanã - Estádio - Segurança Pública,Maracanã - Estádio
SYN010224,2025-12-09 23:42:28,Segurança Pública,-22.912588,-43.231365,Aberto,Média,Reclamação sintética em Maracanã - Estádio - Segurança Pública,Maracanã - Estádio
SYN010225,2025-11-25 23:42:28,Iluminação Pública,-22.911078,-43.231192,Aberto,Média,Reclamação sintética em Maracanã - Estádio - Iluminação Pública,Maracanã - Estádio
SYN010226,2025-12-12 23:42:28,Iluminação Pública,-22.913151,-43.227995,Aberto,Média,Reclamação sintética em Maracanã - Estádio - Iluminação Pública,Maracanã - Estádio
SYN010227,2025-12-13 23:42:28,Iluminação Pública,-22.917268,-43.227206,Aberto,Alta,Reclamação sintética em Maracanã - Estádio - Iluminação Pública,Maracanã - Estádio
SYN010228,2025-11-29 23:42:28,Conservação de Vias,-22.910242,-43.231981,Aberto,Média,Reclamação sintética em Maracanã - Estádio - Conservação de Vias,Maracanã - Estádio
SYN010229,2025-11-17 23:42:28,Segurança Pública,-22.914326,-43.2319,Aberto,Alta,Reclamação sintética em Maracanã - Estádio - Segurança Pública,Maracanã - Estádio
SYN010230,2025-12-12 23:42:28,Segurança Pública,-22.904631,-43.228824,Aberto,Alta,Reclamação sintética em Maracanã - Estádio - Segurança Pública,Maracanã - Estádio
SYN010231,2025-12-04 23:42:28,Conservação de Vias,-22.910986,-43.226285,Aberto,Alta,Reclamação sintética em Maracanã - Estádio - Conservação de Vias,Maracanã - Estádio
SYN010232,2025-11-26 23:42:28,Conservação de Vias,-22.909425,-43.22993,Aberto,Alta,Reclamação sintética em Maracanã - Estádio - Conservação de Vias,Maracanã - Estádio
SYN010233,2025-12-06 23:42:28,Segurança Pública,-22.913534,-43.230274,Aberto,Média,Reclamação sintética em Maracanã - Estádio - Segurança Pública,Maracanã - Estádio
SYN010234,2025-11-27 23:42:28,Iluminação Pública,-22.912787,-43.230367,Aberto,Média,Reclamação sintética em Maracanã - Estádio - Iluminação Pública,Maracanã - Estádio
SYN010235,2025-12-13 23:42:28,Segurança Pública,-22.917534,-43.162951,Aberto,Alta,Reclamação sintética em Santa Teresa - Escadaria - Segurança Pública,Santa Teresa - Escadaria
SYN010236,2025-11-19 23:42:28,Iluminação Pública,-22.914027,-43.162804,Aberto,Média,Reclamação sintética em Santa Teresa - Escadaria - Iluminação Pública,Santa Teresa - Escadaria
SYN010237,2025-11-29 23:42:28,Segurança Pública,-22.913909,-43.164051,Aberto,Média,Reclamação sintética em Santa Teresa - Escadaria - Segurança Pública,Santa Teresa - Escadaria
SYN010238,2025-11-28 23:42:28,Conservação de Vias,-22.917227,-43.161893,Aberto,Alta,Reclamação sintética em Santa Teresa - Escadaria - Conservação de Vias,Santa Teresa - Escadaria
SYN010239,2025-12-11 23:42:28,Conservação de Vias,-22.915168,-43.166275,Aberto,Média,Reclamação sintética em Santa Teresa - Escadaria - Conservação de Vias,Santa Teresa - Escadaria
SYN010240,2025-11-26 23:42:28,Conservação de Vias,-22.915663,-43.158462,Aberto,Alta,Reclamação sintética em Santa Teresa - Escadaria - Conservação de Vias,Santa Teresa - Escadaria
SYN010241,2025-11-30 23:42:28,Conservação de Vias,-22.921814,-43.160892,Aberto,Média,Reclamação sintética em Santa Teresa - Escadaria - Conservação de Vias,Santa Teresa - Escadaria
SYN010242,2025-11-29 23:42:28,Segurança Pública,-22.911037,-43.162662,Aberto,Alta,Reclamação sintética em Santa Teresa - Escadaria - Segurança Pública,Santa Teresa - Escadaria
SYN010243,2025-11-15 23:42:28,Iluminação Pública,-22.910393,-43.162061,Aberto,Alta,Reclamação sintética em Santa Teresa - Escadaria - Iluminação Pública,Santa Teresa - Escadaria
SYN010244,2025-11-25 23:42:28,Iluminação Pública,-22.916701,-43.157934,Aberto,Alta,Reclamação sintética em Santa Teresa - Escadaria - Iluminação Pública,Santa Teresa - Escadaria
SYN010245,2025-11-24 23:42:28,Trânsito e Transporte,-22.921436,-43.160701,Aberto,Média,Reclamação sintética em Santa Teresa - Escadaria - Trânsito e Transporte,Santa Teresa - Escadaria
SYN010246,2025-12-05 23:42:28,Iluminação Pública,-22.914265,-43.164316,Aberto,Alta,Reclamação sintética em Santa Teresa - Escadaria - Iluminação Pública,Santa Teresa - Escadaria
SYN010247,2025-11-19 23:42:28,Trânsito e Transporte,-22.916761,-43.16192,Aberto,Média,Reclamação sintética em Santa Teresa - Escadaria - Trânsito e Transporte,Santa Teresa - Escadaria
SYN010248,2025-11-27 23:42:28,Segurança Pública,-22.921222,-43.161661,Aberto,Alta,Reclamação sintética em Santa Teresa - Escadaria - Segurança Pública,Santa Teresa - Escadaria
SYN010249,2025-12-04 23:42:28,Conservação de Vias,-22.912627,-43.161515,Aberto,Média,Reclamação sintética em Santa Teresa - Escadaria - Conservação de Vias,Santa Teresa - Escadaria
SYN010250,2025-12-14 23:42:28,Segurança Pública,-22.919529,-43.162443,Aberto,Alta,Reclamação sintética em Santa Teresa - Escadaria - Segurança Pública,Santa Teresa - Escadaria
SYN010251,2025-11-17 23:42:28,Iluminação Pública,-22.915056,-43.163469,Aberto,Alta,Reclamação sintética em Santa Teresa - Escadaria - Iluminação Pública,Santa Teresa - Escadaria
SYN010252,2025-12-01 23:42:28,Segurança Pública,-22.917869,-43.160044,Aberto,Média,Reclamação sintética em Santa Teresa - Escadaria - Segurança Pública,Santa Teresa - Escadaria
SYN010253,2025-11-30 23:42:28,Segurança Pública,-22.916099,-43.164441,Aberto,Média,Reclamação sintética em Santa Teresa - Escadaria - Segurança Pública,Santa Teresa - Escadaria
SYN010254,2025-12-01 23:42:28,Iluminação Pública,-22.909385,-43.162006,Aberto,Média,Reclamação sintética em Santa Teresa - Escadaria - Iluminação Pública,Santa Teresa - Escadaria
SYN010255,2025-11-22 23:42:28,Conservação de Vias,-22.917346,-43.15412,Aberto,Alta,Reclamação sintética em Santa Teresa - Escadaria - Conservação de Vias,Santa Teresa - Escadaria
SYN010256,2025-11-27 23:42:28,Segurança Pública,-22.916826,-43.159577,Aberto,Alta,Reclamação sintética em Santa Teresa - Escadaria - Segurança Pública,Santa Teresa - Escadaria
SYN010257,2025-12-10 23:42:28,Iluminação Pública,-22.913868,-43.163782,Aberto,Alta,Reclamação sintética em Santa Teresa - Escadaria - Iluminação Pública,Santa Teresa - Escadaria
SYN010258,2025-12-01 23:42:28,Segurança Pública,-22.917823,-43.167644,Aberto,Alta,Reclamação sintética em Santa Teresa - Escadaria - Segurança Pública,Santa Teresa - Escadaria
SYN010259,2025-11-20 23:42:28,Conservação de Vias,-22.913033,-43.159145,Aberto,Média,Reclamação sintética em Santa Teresa - Escadaria - Conservação de Vias,Santa Teresa - Escadaria
SYN010260,2025-11-28 23:42:28,Segurança Pública,-22.918488,-43.16117,Aberto,Alta,Reclamação sintética em Santa Teresa - Escadaria - Segurança Pública,Santa Teresa - Escadaria
SYN010261,2025-12-04 23:42:28,Iluminação Pública,-22.915684,-43.160064,Aberto,Alta,Reclamação sintética em Santa Teresa - Escadaria - Iluminação Pública,Santa Teresa - Escadaria
SYN010262,2025-11-27 23:42:28,Segurança Pública,-22.918669,-43.161354,Aberto,Alta,Reclamação sintética em Santa Teresa - Escadaria - Segurança Pública,Santa Teresa - Escadaria
SYN010263,2025-11-30 23:42:28,Segurança Pública,-22.917192,-43.174697,Aberto,Alta,Reclamação sintética em Lapa - Arcos - Segurança Pública,Lapa - Arcos
SYN010264,2025-11-17 23:42:28,Segurança Pública,-22.920024,-43.172568,Aberto,Alta,Reclamação sintética em Lapa - Arcos - Segurança Pública,Lapa - Arcos
SYN010265,2025-11-15 23:42:28,Iluminação Pública,-22.915855,-43.181029,Aberto,Alta,Reclamação sintética em Lapa - Arcos - Iluminação Pública,Lapa - Arcos
SYN010266,2025-11-16 23:42:28,Segurança Pública,-22.911895,-43.180413,Aberto,Média,Reclamação sintética em Lapa - Arcos - Segurança Pública,Lapa - Arcos
SYN010267,2025-12-11 23:42:28,Segurança Pública,-22.920871,-43.18647,Aberto,Média,Reclamação sintética em Lapa - Arcos - Segurança Pública,Lapa - Arcos
SYN010268,2025-12-04 23:42:28,Iluminação Pública,-22.922712,-43.182467,Aberto,Alta,Reclamação sintética em Lapa - Arcos - Iluminação Pública,Lapa - Arcos
SYN010269,2025-11-19 23:42:28,Iluminação Pública,-22.920874,-43.176643,Aberto,Média,Reclamação sintética em Lapa - Arcos - Iluminação Pública,Lapa - Arcos
SYN010270,2025-12-14 23:42:28,Segurança Pública,-22.919871,-43.181044,Aberto,Alta,Reclamação sintética em Lapa - Arcos - Segurança Pública,Lapa - Arcos
SYN010271,2025-12-14 23:42:28,Iluminação Pública,-22.922243,-43.17784,Aberto,Alta,Reclamação sintética em Lapa - Arcos - Iluminação Pública,Lapa - Arcos
SYN010272,2025-11-21 23:42:28,Trânsito e Transporte,-22.92004,-43.175966,Aberto,Média,Reclamação sintética em Lapa - Arcos - Trânsito e Transporte,Lapa - Arcos
SYN010273,2025-12-11 23:42:28,Segurança Pública,-22.91964,-43.180639,Aberto,Alta,Reclamação sintética em Lapa - Arcos - Segurança Pública,Lapa - Arcos
SYN010274,2025-11-29 23:42:28,Segurança Pública,-22.921653,-43.175286,Aberto,Alta,Reclamação sintética em Lapa - Arcos - Segurança Pública,Lapa - Arcos
SYN010275,2025-11-23 23:42:28,Segurança Pública,-22.921358,-43.178303,Aberto,Média,Reclamação sintética em Lapa - Arcos - Segurança Pública,Lapa - Arcos
SYN010276,2025-11-27 23:42:28,Conservação de Vias,-22.921646,-43.181081,Aberto,Alta,Reclamação sintética em Lapa - Arcos - Conservação de Vias,Lapa - Arcos
SYN010277,2025-12-06 23:42:28,Trânsito e Transporte,-22.924863,-43.179127,Aberto,Média,Reclamação sintética em Lapa - Arcos - Trânsito e Transporte,Lapa - Arcos
SYN010278,2025-11-20 23:42:28,Iluminação Pública,-22.923144,-43.179589,Aberto,Alta,Reclamação sintética em Lapa - Arcos - Iluminação Pública,Lapa - Arcos
SYN010279,2025-11-18 23:42:28,Segurança Pública,-22.916631,-43.1757,Aberto,Média,Reclamação sintética em Lapa - Arcos - Segurança Pública,Lapa - Arcos
SYN010280,2025-12-11 23:42:28,Conservação de Vias,-22.91717,-43.171281,Aberto,Alta,Reclamação sintética em Lapa - Arcos - Conservação de Vias,Lapa - Arcos
SYN010281,2025-11-28 23:42:28,Segurança Pública,-22.918324,-43.177463,Aberto,Média,Reclamação sintética em Lapa - Arcos - Segurança Pública,Lapa - Arcos
SYN010282,2025-12-07 23:42:28,Segurança Pública,-22.916266,-43.178176,Aberto,Alta,Reclamação sintética em Lapa - Arcos - Segurança Pública,Lapa - Arcos
SYN010283,2025-12-06 23:42:28,Segurança Pública,-22.916384,-43.181179,Aberto,Alta,Reclamação sintética em Lapa - Arcos - Segurança Pública,Lapa - Arcos
SYN010284,2025-11-16 23:42:28,Segurança Pública,-22.9158,-43.1821,Aberto,Média,Reclamação sintética em Lapa - Arcos - Segurança Pública,Lapa - Arcos
SYN010285,2025-11-21 23:42:28,Trânsito e Transporte,-22.919231,-43.179497,Aberto,Alta,Reclamação sintética em Lapa - Arcos - Trânsito e Transporte,Lapa - Arcos
SYN010286,2025-11-22 23:42:28,Segurança Pública,-22.921339,-43.181168,Aberto,Alta,Reclamação sintética em Lapa - Arcos - Segurança Pública,Lapa - Arcos
SYN010287,2025-12-14 23:42:28,Segurança Pública,-22.920654,-43.177796,Aberto,Alta,Reclamação sintética em Lapa - Arcos - Segurança Pública,Lapa - Arcos
SYN010288,2025-12-04 23:42:28,Iluminação Pública,-22.917661,-43.180877,Aberto,Média,Reclamação sintética em Lapa - Arcos - Iluminação Pública,Lapa - Arcos
SYN010289,2025-12-11 23:42:28,Iluminação Pública,-22.917878,-43.17708,Aberto,Média,Reclamação sintética em Lapa - Arcos - Iluminação Pública,Lapa - Arcos
SYN010290,2025-12-02 23:42:28,Segurança Pública,-22.921184,-43.178607,Aberto,Alta,Reclamação sintética em Lapa - Arcos - Segurança Pública,Lapa - Arcos
SYN010291,2025-11-17 23:42:28,Segurança Pública,-22.921173,-43.180834,Aberto,Média,Reclamação sintética em Lapa - Arcos - Segurança Pública,Lapa - Arcos
SYN010292,2025-11-30 23:42:28,Iluminação Pública,-22.921175,-43.178393,Aberto,Média,Reclamação sintética em Lapa - Arcos - Iluminação Pública,Lapa - Arcos
SYN010293,2025-11-17 23:42:28,Trânsito e Transporte,-22.920169,-43.180073,Aberto,Alta,Reclamação sintética em Lapa - Arcos - Trânsito e Transporte,Lapa - Arcos
SYN010294,2025-12-13 23:42:28,Segurança Pública,-22.919965,-43.176766,Aberto,Alta,Reclamação sintética em Lapa - Arcos - Segurança Pública,Lapa - Arcos
SYN010295,2025-12-13 23:42:28,Segurança Pública,-22.913755,-43.176169,Aberto,Média,Reclamação sintética em Lapa - Arcos - Segurança Pública,Lapa - Arcos
SYN010296,2025-11-27 23:42:28,Iluminação Pública,-22.915995,-43.180656,Aberto,Alta,Reclamação sintética em Lapa - Arcos - Iluminação Pública,Lapa - Arcos
SYN010297,2025-11-27 23:42:28,Trânsito e Transporte,-22.918218,-43.177762,Aberto,Alta,Reclamação sintética em Lapa - Arcos - Trânsito e Transporte,Lapa - Arcos
SYN010298,2025-11-24 23:42:28,Conservação de Vias,-22.91918,-43.178388,Aberto,Alta,Reclamação sintética em Lapa - Arcos - Conservação de Vias,Lapa - Arcos
SYN010299,2025-11-24 23:42:28,Segurança Pública,-22.917982,-43.177474,Aberto,Média,Reclamação sintética em Lapa - Arcos - Segurança Pública,Lapa - Arcos
SYN010300,2025-12-09 23:42:28,Conservação de Vias,-22.917224,-43.173142,Aberto,Alta,Reclamação sintética em Lapa - Arcos - Conservação de Vias,Lapa - Arcos
SYN010301,2025-11-29 23:42:28,Segurança Pública,-22.916925,-43.178543,Aberto,Alta,Reclamação sintética em Lapa - Arcos - Segurança Pública,Lapa - Arcos
SYN010302,2025-11-28 23:42:28,Iluminação Pública,-22.918747,-43.184229,Aberto,Média,Reclamação sintética em Lapa - Arcos - Iluminação Pública,Lapa - Arcos
